Workbook

Sheet ItemData
A1: ID | B1: comment | C1: nameID | D1: category | E1: select | F1: actionID | G1: burnID | H1: lotID
A2: 0 | B2: ポーションA | C2: =A2+12000 -> 12000 | D2: =VLOOKUP(E2,reference!A:B,2,FALSE) -> 0 | E2: 薬 | F2: 100 | G2: -1 | H2: -1
A3: 1 | B3: ポーションB | C3: =A3+12000 -> 12001 | D3: =VLOOKUP(E3,reference!A:B,2,FALSE) -> 0 | E3: 薬 | F3: 101 | G3: -1 | H3: -1
A4: 100 | B4: 食べ物1 | C4: =A4+12000 -> 12100 | D4: =VLOOKUP(E4,reference!A:B,2,FALSE) -> 1 | E4: 食べ物 | F4: 102 | G4: 102 | H4: 103
A5: 101 | B5: 食べ物2 | C5: =A5+12000 -> 12101 | D5: =VLOOKUP(E5,reference!A:B,2,FALSE) -> 1 | E5: 食べ物 | F5: 103 | G5: 102 | H5: 103
A6: 102 | B6: 焼けた食べ物 | C6: =A6+12000 -> 12102 | D6: =VLOOKUP(E6,reference!A:B,2,FALSE) -> 1 | E6: 食べ物 | F6: -1 | G6: 104 | H6: -1
A7: 103 | B7: 腐った食べ物 | C7: =A7+12000 -> 12103 | D7: =VLOOKUP(E7,reference!A:B,2,FALSE) -> 1 | E7: 食べ物 | F7: -1 | G7: 102 | H7: -1
A8: 104 | B8: 黒こげの食べ物 | C8: =A8+12000 -> 12104 | D8: =VLOOKUP(E8,reference!A:B,2,FALSE) -> 1 | E8: 食べ物 | F8: -1 | G8: -1 | H8: -1
A9: 200 | C9: =A9+12000 -> 12200 | D9: =VLOOKUP(E9,reference!A:B,2,FALSE) -> 2 | E9: 杖 | F9: -1 | G9: -1 | H9: -1
A10: 300 | C10: =A10+12000 -> 12300 | D10: =VLOOKUP(E10,reference!A:B,2,FALSE) -> 3 | E10: 巻物 | F10: -1 | G10: -1 | H10: -1
A11: 400 | C11: =A11+12000 -> 12400 | D11: =VLOOKUP(E11,reference!A:B,2,FALSE) -> 4 | E11: バッグ | F11: -1 | G11: -1 | H11: -1
A12: 500 | C12: =A12+12000 -> 12500 | D12: =VLOOKUP(E12,reference!A:B,2,FALSE) -> 5 | E12: 投げモノ | F12: -1 | G12: -1 | H12: -1
A13: 600 | C13: =A13+12000 -> 12600 | D13: =VLOOKUP(E13,reference!A:B,2,FALSE) -> 6 | E13: 武器 | F13: -1 | G13: -1 | H13: -1
A14: 700 | C14: =A14+12000 -> 12700 | D14: =VLOOKUP(E14,reference!A:B,2,FALSE) -> 7 | E14: 防具 | F14: -1 | G14: -1 | H14: -1

Sheet reference
A1: 薬 | B1: 0
A2: 食べ物 | B2: 1
A3: 杖 | B3: 2
A4: 巻物 | B4: 3
A5: バッグ | B5: 4
A6: 投げモノ | B6: 5
A7: 武器 | B7: 6
A8: 防具 | B8: 7
